{"cameraMode":{"drawMode":0,"name":"Shaded","section":"Shading Mode"},"sceneLighting":true,"audioPlay":false,"sceneViewState":{"m_AlwaysRefresh":false,"showFog":true,"showSkybox":true,"showFlares":true,"showImageEffects":true,"showParticleSystems":true,"showVisualEffectGraphs":true,"m_FxEnabled":true},"in2DMode":false,"pivot":{"x":-11.973017692565918,"y":-8.55521297454834,"z":3.426506996154785},"rotation":{"x":-0.4593166410923004,"y":-0.016784995794296266,"z":0.008688149973750115,"w":-0.8880926370620728},"size":21.537504196166993,"orthographic":false}