{"cameraMode":{"drawMode":0,"name":"Shaded","section":"Shading Mode"},"sceneLighting":false,"audioPlay":false,"sceneViewState":{"m_AlwaysRefresh":false,"showFog":true,"showSkybox":false,"showFlares":true,"showImageEffects":true,"showParticleSystems":true,"showVisualEffectGraphs":true,"m_FxEnabled":true},"in2DMode":false,"pivot":{"x":1.3338247537612916,"y":1.2867612838745118,"z":-0.27584826946258547},"rotation":{"x":-0.19828948378562928,"y":0.469639390707016,"z":-0.10912637412548065,"w":-0.8533723950386047},"size":0.8660253882408142,"orthographic":false}